Product_ID,Product_Category,Orders,Actual_Returns,Avg_Risk_Score,Actual_Return_Rate_%
PROD0497,Clothing,6,1,0.589,16.67
PROD0038,Clothing,3,2,0.584,66.67
PROD0363,Clothing,3,1,0.574,33.33
PROD0377,Clothing,10,3,0.571,30.0
PROD0325,Home Appliances,5,2,0.568,40.0
PROD0285,Clothing,9,5,0.564,55.56
PROD0032,Toys,10,3,0.563,30.0
PROD0432,Home Appliances,13,4,0.56,30.77
PROD0107,Clothing,6,2,0.559,33.33
PROD0307,Clothing,8,4,0.556,50.0
PROD0109,Clothing,10,3,0.554,30.0
PROD0370,Clothing,19,9,0.55,47.37
PROD0450,Clothing,6,3,0.55,50.0
PROD0152,Clothing,10,3,0.548,30.0
PROD0202,Electronics,10,5,0.548,50.0
PROD0140,Clothing,10,0,0.547,0.0
PROD0418,Clothing,10,2,0.546,20.0
PROD0279,Clothing,12,4,0.546,33.33
PROD0186,Electronics,8,3,0.545,37.5
PROD0472,Toys,6,4,0.545,66.67
PROD0375,Clothing,8,4,0.545,50.0
PROD0316,Clothing,12,3,0.545,25.0
PROD0189,Clothing,6,0,0.544,0.0
PROD0491,Clothing,6,2,0.543,33.33
PROD0430,Books,6,2,0.542,33.33
PROD0014,Books,5,2,0.542,40.0
PROD0461,Clothing,8,5,0.542,62.5
PROD0170,Clothing,9,3,0.542,33.33
PROD0312,Clothing,11,3,0.542,27.27
PROD0498,Clothing,7,5,0.541,71.43
PROD0266,Clothing,12,5,0.541,41.67
PROD0449,Toys,7,3,0.541,42.86
PROD0374,Clothing,11,1,0.54,9.09
PROD0081,Books,6,2,0.54,33.33
PROD0273,Home Appliances,14,5,0.54,35.71
PROD0172,Books,15,2,0.539,13.33
PROD0381,Electronics,16,6,0.538,37.5
PROD0368,Clothing,14,3,0.538,21.43
PROD0071,Clothing,8,1,0.538,12.5
PROD0015,Clothing,8,2,0.537,25.0
PROD0005,Clothing,7,2,0.537,28.57
PROD0211,Clothing,12,6,0.536,50.0
PROD0214,Books,10,6,0.536,60.0
PROD0268,Clothing,8,3,0.535,37.5
PROD0274,Clothing,5,3,0.535,60.0
PROD0348,Clothing,11,4,0.534,36.36
PROD0102,Electronics,11,4,0.534,36.36
PROD0064,Electronics,4,3,0.533,75.0
PROD0428,Clothing,12,5,0.533,41.67
PROD0470,Clothing,4,1,0.533,25.0
PROD0132,Clothing,10,2,0.533,20.0
PROD0385,Toys,9,0,0.532,0.0
PROD0256,Books,15,4,0.532,26.67
PROD0270,Toys,11,3,0.532,27.27
PROD0467,Electronics,12,3,0.532,25.0
PROD0157,Home Appliances,10,4,0.531,40.0
PROD0234,Home Appliances,10,3,0.531,30.0
PROD0346,Electronics,9,3,0.53,33.33
PROD0246,Toys,14,3,0.53,21.43
PROD0275,Clothing,8,1,0.529,12.5
PROD0313,Electronics,5,0,0.529,0.0
PROD0052,Clothing,12,4,0.529,33.33
PROD0263,Clothing,8,1,0.529,12.5
PROD0451,Electronics,14,6,0.529,42.86
PROD0305,Home Appliances,7,2,0.528,28.57
PROD0261,Clothing,8,4,0.528,50.0
PROD0177,Books,8,2,0.528,25.0
PROD0281,Electronics,10,4,0.527,40.0
PROD0253,Clothing,8,1,0.527,12.5
PROD0249,Clothing,9,3,0.526,33.33
PROD0402,Clothing,11,3,0.526,27.27
PROD0393,Toys,9,2,0.526,22.22
PROD0496,Electronics,9,3,0.525,33.33
PROD0439,Home Appliances,10,2,0.525,20.0
PROD0208,Clothing,9,5,0.525,55.56
PROD0466,Clothing,12,3,0.524,25.0
PROD0092,Clothing,12,6,0.523,50.0
PROD0269,Clothing,14,5,0.523,35.71
PROD0456,Clothing,8,4,0.523,50.0
PROD0059,Home Appliances,7,3,0.523,42.86
PROD0355,Home Appliances,12,8,0.522,66.67
PROD0089,Home Appliances,6,1,0.522,16.67
PROD0488,Electronics,13,3,0.522,23.08
PROD0179,Clothing,12,0,0.522,0.0
PROD0394,Electronics,11,2,0.522,18.18
PROD0373,Home Appliances,11,5,0.522,45.45
PROD0066,Clothing,13,4,0.521,30.77
PROD0482,Clothing,7,2,0.521,28.57
PROD0227,Clothing,9,4,0.521,44.44
PROD0173,Clothing,11,4,0.521,36.36
PROD0411,Clothing,11,1,0.521,9.09
PROD0300,Electronics,12,6,0.52,50.0
PROD0434,Electronics,10,4,0.52,40.0
PROD0463,Clothing,13,6,0.52,46.15
PROD0464,Toys,11,3,0.52,27.27
PROD0341,Books,7,2,0.52,28.57
PROD0315,Clothing,10,3,0.52,30.0
PROD0323,Books,10,4,0.52,40.0
PROD0205,Home Appliances,4,1,0.52,25.0
PROD0009,Home Appliances,10,2,0.519,20.0
PROD0133,Electronics,7,2,0.519,28.57
PROD0074,Toys,13,1,0.519,7.69
PROD0390,Clothing,10,2,0.519,20.0
PROD0232,Clothing,7,1,0.519,14.29
PROD0417,Clothing,8,0,0.519,0.0
PROD0033,Clothing,10,4,0.518,40.0
PROD0353,Books,11,2,0.518,18.18
PROD0376,Electronics,11,3,0.518,27.27
PROD0060,Electronics,9,2,0.518,22.22
PROD0100,Toys,12,5,0.518,41.67
PROD0111,Books,6,0,0.518,0.0
PROD0288,Home Appliances,14,2,0.518,14.29
PROD0097,Clothing,10,4,0.518,40.0
PROD0067,Clothing,9,3,0.517,33.33
PROD0086,Clothing,13,5,0.517,38.46
PROD0278,Clothing,7,3,0.517,42.86
PROD0162,Electronics,7,2,0.517,28.57
PROD0362,Toys,13,4,0.517,30.77
PROD0184,Clothing,11,5,0.516,45.45
PROD0019,Clothing,6,1,0.516,16.67
PROD0388,Books,10,5,0.516,50.0
PROD0153,Clothing,7,2,0.515,28.57
PROD0292,Electronics,7,1,0.514,14.29
PROD0295,Electronics,14,7,0.514,50.0
PROD0225,Books,8,2,0.514,25.0
PROD0080,Toys,11,7,0.514,63.64
PROD0321,Clothing,11,4,0.514,36.36
PROD0247,Home Appliances,11,3,0.514,27.27
PROD0407,Clothing,6,3,0.513,50.0
PROD0218,Books,13,4,0.513,30.77
PROD0007,Books,11,2,0.513,18.18
PROD0169,Clothing,7,1,0.513,14.29
PROD0041,Toys,19,4,0.512,21.05
PROD0322,Toys,5,0,0.512,0.0
PROD0229,Toys,9,3,0.512,33.33
PROD0499,Clothing,8,1,0.512,12.5
PROD0306,Electronics,10,3,0.512,30.0
PROD0291,Electronics,9,1,0.512,11.11
PROD0419,Toys,13,4,0.512,30.77
PROD0404,Books,11,0,0.511,0.0
PROD0075,Clothing,11,3,0.511,27.27
PROD0485,Toys,11,3,0.51,27.27
PROD0108,Electronics,10,2,0.51,20.0
PROD0192,Toys,9,3,0.51,33.33
PROD0166,Clothing,13,5,0.51,38.46
PROD0338,Toys,11,5,0.51,45.45
PROD0343,Books,13,5,0.51,38.46
PROD0250,Clothing,10,2,0.51,20.0
PROD0055,Home Appliances,12,5,0.51,41.67
PROD0103,Home Appliances,13,6,0.509,46.15
PROD0029,Clothing,10,3,0.509,30.0
PROD0043,Clothing,7,0,0.509,0.0
PROD0262,Toys,8,1,0.509,12.5
PROD0387,Clothing,13,2,0.509,15.38
PROD0337,Electronics,5,1,0.509,20.0
PROD0277,Home Appliances,11,2,0.509,18.18
PROD0020,Home Appliances,15,2,0.508,13.33
PROD0077,Books,8,4,0.508,50.0
PROD0045,Electronics,7,0,0.508,0.0
PROD0310,Clothing,9,2,0.507,22.22
PROD0481,Clothing,8,3,0.507,37.5
PROD0034,Clothing,7,3,0.507,42.86
PROD0309,Home Appliances,13,2,0.506,15.38
PROD0160,Clothing,6,1,0.506,16.67
PROD0044,Books,15,5,0.506,33.33
PROD0002,Toys,21,6,0.506,28.57
PROD0047,Toys,8,2,0.506,25.0
PROD0180,Electronics,10,5,0.506,50.0
PROD0495,Clothing,7,2,0.506,28.57
PROD0125,Toys,13,6,0.506,46.15
PROD0126,Clothing,17,4,0.505,23.53
PROD0431,Electronics,7,3,0.505,42.86
PROD0483,Clothing,7,3,0.505,42.86
PROD0351,Electronics,11,3,0.505,27.27
PROD0222,Electronics,11,4,0.505,36.36
PROD0159,Home Appliances,13,4,0.505,30.77
PROD0271,Home Appliances,5,0,0.505,0.0
PROD0210,Electronics,6,3,0.504,50.0
PROD0054,Toys,8,3,0.504,37.5
PROD0302,Clothing,12,4,0.503,33.33
PROD0233,Books,13,0,0.503,0.0
PROD0331,Clothing,13,3,0.503,23.08
PROD0382,Electronics,7,1,0.503,14.29
PROD0294,Clothing,9,4,0.502,44.44
PROD0131,Electronics,8,4,0.502,50.0
PROD0165,Clothing,8,2,0.502,25.0
PROD0114,Electronics,15,3,0.502,20.0
PROD0453,Home Appliances,10,3,0.502,30.0
PROD0098,Clothing,13,1,0.501,7.69
PROD0290,Clothing,7,2,0.501,28.57
PROD0420,Electronics,9,3,0.501,33.33
PROD0484,Books,16,6,0.5,37.5
PROD0196,Electronics,6,1,0.5,16.67
PROD0167,Books,13,7,0.5,53.85
PROD0334,Clothing,15,4,0.5,26.67
PROD0317,Electronics,10,1,0.5,10.0
PROD0137,Home Appliances,9,6,0.5,66.67
PROD0437,Electronics,15,3,0.5,20.0
PROD0106,Clothing,9,3,0.5,33.33
PROD0416,Electronics,12,6,0.5,50.0
PROD0235,Clothing,8,3,0.5,37.5
